Prompt,Completion
Hey Hexa,Hey! How can I help you today?
Can you provide the updates ?,"Sure, which region would you like me to analyze for?"
Could you share the breach data against the total records?,"Sure, breach data is ""Total Breaches"" against ""Total Records"""
Proceed the analysis for Australia region,Proceeding Australia regional analysis..
Generate a report for Australia group by Age and Gender,"Sure, sharing the report to your email address"
Could you share the report to a different email address?,"Sorry, we will not be able to trigger a report to an external email address"
"Hey Hexa, could you display the report here in chat itself?","Sorry, that will not be possible at the moment. We will consider your feedback and update you later"
Can we share user data with third parties?,"We can only share user data with third parties if we have explicit consent or a legitimate reason, as specified under GDPR and CCPA."
A user requested access to their personal data. What should we do?,"We must promptly respond to the user's request, providing them with a copy of their data and explaining the processing activities."
A user wants to delete their account. What steps should we take?,"We must comply with the user's request and delete their account along with any associated personal data, as stipulated by GDPR and CCPA."
Can we transfer user data outside the EU?,"Data transfers outside the EU are allowed only to countries with adequate data protection laws or with appropriate safeguards in place, such as Standard Contractual Clauses or Binding Corporate Rules."
What should we include in our privacy policy?,"Our privacy policy must clearly state what data we collect, how we use it, the legal basis for processing, data retention periods, and user rights, among other relevant information."
A user asked to rectify inaccurate data. What should we do?,We must promptly correct any inaccurate data and inform the user once the necessary changes have been made.
Do we need to conduct Data Protection Impact Assessments (DPIAs)?,"Yes, we should conduct DPIAs for high-risk data processing activities, considering potential privacy risks and mitigation strategies."
Can we process personal data for purposes other than originally stated?,"We can only process personal data for compatible purposes with the original intent, and we need to inform users about any changes and obtain consent if necessary."
Can we process personal data for marketing purposes?,"We can process personal data for marketing purposes, but we need to obtain explicit consent or rely on legitimate interests, depending on the context."
How long do we have to respond to a data subject access request?,"Under GDPR, we have 30 days to respond to a data subject access request, while CCPA requires a response within 45 days."
Can we deny a data subject access request?,"We can only deny a data subject access request if it infringes on the rights of others or is manifestly unfounded, but we must provide a clear explanation for the denial."
Are there any restrictions on automated decision-making?,"Automated decision-making that significantly affects individuals must involve human intervention and the right to contest the decision, as per GDPR and CCPA."
A user withdrew consent for data processing. What should we do?,"We must stop processing the user's data upon receiving the withdrawal of consent, and if there is no other legal basis, we should delete the data."
Can we use personal data for research purposes?,Using personal data for research purposes requires proper anonymization and obtaining consent if identification is necessary for research objectives.
What measures should we take to secure customer data?,"Implement encryption, access controls, and regular security audits to safeguard customer data from unauthorized access."
How can we ensure compliance with data retention periods?,"Develop a data retention policy and schedule to ensure data is stored only for as long as necessary, adhering to the specified retention periods."
Can we use subcontractors to process personal data?,"We can use subcontractors for data processing, but we must ensure they comply with GDPR and CCPA and sign data processing agreements with them."
What are the consequences of non-compliance with GDPR and CCPA?,Non-compliance may result in significant fines and reputational damage for the organization. It is crucial to prioritize data privacy and compliance.
How do we handle data breach incidents?,"In case of a data breach, we must promptly notify affected individuals and the relevant authorities, take corrective action, and mitigate the impact."
What rights do data subjects have under GDPR and CCPA?,"Data subjects have rights, including the right to access, rectify, erase, restrict processing, and object to the processing of their personal data."
Can we collect data from minors without parental consent?,"We must obtain explicit parental consent before collecting personal data from minors, as per GDPR and CCPA requirements."
Can we store personal data indefinitely?,"No, we should"
How should we handle data transfers to third countries?,"Data transfers to third countries require adequate safeguards, such as Standard Contractual Clauses or Binding Corporate Rules, as per GDPR and CCPA."
Can we use personal data for automated decision-making?,"We can use personal data for automated decision-making, but we must ensure transparency, provide the logic behind the decision, and allow users to contest the outcome."
How often should we conduct data protection training?,"Regular data protection training for employees is essential, ideally at least once a year, to ensure awareness and compliance with data privacy policies."
What are the penalties for GDPR and CCPA violations?,"GDPR violations can result in fines of up to 4% of annual global turnover or €20 million, while CCPA penalties can reach up to $7,500 per violation."
Can we use personal data for behavioral advertising?,"Behavioral advertising requires explicit consent from users, and we must inform them about the data collection and processing involved in personalized ads."
Should we appoint a Data Protection Officer (DPO)?,"Appointing a DPO is mandatory if we are a public authority, engage in large-scale systematic monitoring, or process sensitive data on a large scale."
How do we handle data subject requests for erasure?,"We must erase personal data upon receiving a valid erasure request, ensuring it is removed from all systems and backups, as per GDPR and CCPA requirements."
Can we use personal data for analytics and insights?,"We can use personal data for analytics as long as it is anonymized and aggregated, and individual identities are not disclosed."
What measures should we take to protect data in transit?,Encrypting data during transmission and using secure protocols such as HTTPS are crucial to protect data while it is in transit.
How do we ensure data accuracy and update records?,Regularly review and update customer data to ensure accuracy and provide mechanisms for users to correct their information when necessary.
Can we use personal data for cross-border business purposes?,"Cross-border data transfers for business purposes are permitted, but we must comply with data protection laws and implement appropriate safeguards."
What should be our process for data breach notification?,"We must notify the relevant data protection authorities and affected individuals of data breaches without undue delay, following the specified guidelines."
Can we use cookies for website analytics?,"Using cookies for website analytics is allowed, but we need to obtain user consent and provide a clear cookie policy in compliance with GDPR and CCPA."
How do we manage data subject consent and preferences?,"Implement a robust consent management system, allowing users to give and withdraw consent and manage their data preferences easily."
Can we share data with law enforcement authorities?,"Data sharing with law enforcement requires proper legal basis, and we should disclose data only when it is necessary and lawful."
What is the age requirement for obtaining consent from minors?,"Consent from minors can be obtained only if they are at least 16 years old under GDPR or 13 years old under CCPA, or with parental consent."
What should be our approach to handling data retention requests?,"We should promptly respond to data retention requests, either by anonymizing data or deleting it, based on the specified retention periods and legal obligations."
Can we use personal data for profiling or automated decision-making?,"Profiling and automated decision-making should be transparent, and we must allow users to opt-out and contest decisions that significantly impact them."
How do we address data protection concerns raised by customers?,"We should establish a process to address and resolve data protection concerns and complaints raised by customers, ensuring prompt and appropriate responses."
Can we use cloud storage for customer data?,"Storing customer data in the cloud is allowed, but we must ensure that the cloud provider adheres to adequate data security and privacy standards."
What should we do if we discover a data breach?,"In the event of a data breach, we must follow the incident response plan, notify affected parties, and take measures to prevent future breaches."
Should we conduct privacy impact assessments for all data processing activities?,Privacy impact assessments should be conducted for high-risk data processing activities or when there are changes in data processing that may impact privacy.
How do we handle data subject complaints about data processing?,"We should acknowledge and investigate data subject complaints promptly, providing a clear response and, if necessary, corrective actions."
Can we process sensitive personal data for marketing purposes?,"Processing sensitive personal data for marketing requires explicit consent, unless there is a legal basis or specific exceptions as defined by GDPR and CCPA."
How do we ensure data minimization and only collect necessary information?,We should collect only the minimum amount of data necessary for the intended purpose and avoid excessive data collection.
What are the best practices for data retention and deletion?,"Develop a data retention policy outlining retention periods and procedures for data deletion, ensuring compliance with GDPR and CCPA."
Can we use personal data for automated profiling in employment decisions?,Automated profiling in employment decisions requires informed consent from employees and appropriate measures to avoid discrimination.
What steps should we take to conduct DPIAs effectively?,"Conduct DPIAs by identifying risks, evaluating data protection measures, and implementing mitigating actions to ensure compliance and"
Can we use personal data for direct marketing purposes?,"We can use personal data for direct marketing, but we must provide an opt-out option and honor users' preferences."
How do we handle data subject requests for data portability?,"We must provide users with their personal data in a structured, commonly used, machine-readable format upon request, as required by GDPR and CCPA."
Can we process personal data without user consent?,"Processing personal data without user consent is only allowed if there is a legitimate basis, such as fulfilling a contract or legal obligations."
How do we ensure cross-border data transfers comply with GDPR and CCPA?,"We should use appropriate safeguards, such as Binding Corporate Rules or Standard Contractual Clauses, to ensure data protection during cross-border transfers."
Can we use personal data for credit scoring in the banking industry?,"Credit scoring using personal data is permissible in the banking industry, but we must inform customers about the process and their rights."
How do we handle customer requests for the deletion of health records?,"We must comply with user requests for health record deletion, provided there are no legal or medical reasons to retain the data."
Can we use health data for medical research purposes?,Health data can be used for medical research with explicit user consent or anonymized if identification is not necessary for research objectives.
What measures should we take to secure electronic health records?,"Implement strict access controls, encryption, and regular security assessments to safeguard electronic health records from unauthorized access."
Can we disclose patient health information to insurance companies?,We can disclose patient health information to insurance companies with patient consent or if required by law for claims processing.
How do we handle sensitive financial data in the banking industry?,"Sensitive financial data in the banking industry should be stored securely, and access should be limited to authorized personnel only."
Can we use personal data for personalized healthcare services?,"We can use personal data to provide personalized healthcare services, but we must ensure privacy and obtain user consent."
How do we obtain consent for using personal data in the health industry?,"Consent for using personal data in the health industry should be explicit and informed, explaining the purpose and data processing involved."
Can we use facial recognition technology for banking transactions?,Using facial recognition technology for banking transactions is permissible with user consent and adherence to data protection regulations.
How do we handle data subject access requests for health information?,"We must provide patients with their health information upon request, following the necessary procedures and data security measures."
Can we share financial data with credit bureaus in the banking industry?,"Sharing financial data with credit bureaus is allowed, but we must inform customers and comply with data protection laws."
What are the best practices for securing online banking data?,"Implement multi-factor authentication, encryption, and regular system updates to ensure the security of online banking data."
Can we use personal data for fraud prevention in the banking industry?,"We can use personal data for fraud prevention, but we must balance it with privacy considerations and data protection regulations."
How do we handle data breach incidents in the health industry?,"In case of a health data breach, we must notify affected individuals, healthcare authorities, and implement measures to prevent future breaches."
Can we use personal data for targeted advertising in the banking industry?,"Using personal data for targeted advertising in the banking industry is allowed, but we must respect user preferences and privacy rights."
How do we ensure data accuracy and completeness in health records?,"Regularly verify and update health records, allowing patients to review and correct any inaccuracies to maintain data accuracy."
Can we use personal data for AI-powered health diagnosis?,Using personal data for AI-powered health diagnosis requires explicit consent and adherence to data privacy and medical regulations.
What are the data retention requirements for financial transactions in banking?,"Retain financial transaction data for the required period to meet legal and regulatory obligations, while ensuring secure storage and access controls."
How do we handle user requests for withdrawal of consent in the health industry?,We must respect user requests for withdrawal of consent and stop data processing unless there is another legal basis for data processing.
Can we use personal data for improving customer experience in banking?,"We can use personal data to enhance customer experience, but it must be done transparently and with user consent."
How do we handle data subject rights in the health industry?,"Respond to data subject rights requests promptly, providing information, access, and rectification of health data upon request."
Can we use personal data for risk assessment in the banking industry?,"Risk assessment using personal data is permissible in banking, but we must ensure data security and inform users about data usage."
How should we handle data breaches involving health information?,"In the event of a health data breach, we must notify affected individuals and relevant authorities as required by health data privacy laws."
Can we use personal data for customer profiling in the banking industry?,"Customer profiling in the banking industry is allowed, but we must obtain user consent and inform them about the profiling process."
How do we ensure data integrity in health records?,Implement data validation measures and access controls to maintain data integrity in health records and prevent unauthorized changes.
Can we use personal data for disease outbreak analysis in the health industry?,Using personal data for disease outbreak analysis is permissible with proper anonymization and adherence to public health regulations.
What are the legal requirements for data breach notification in the banking industry?,Notify affected customers and regulatory authorities within the specified timeframe in case of a data
How can we ensure data minimization and data relevance?,Collect and retain only the necessary data required for specific purposes and regularly review data relevance.
Can we use personal data for automated decision-making in the banking industry?,"Automated decision-making in the banking industry must be fair, transparent, and explainable, complying with data protection regulations."
How do we handle data subject access requests from non-EU or non-California residents?,Treat data subject access requests from non-EU or non-California residents with the same diligence as GDPR and CCPA requests to ensure data privacy rights are respected worldwide.
Can we use personal data for employee performance evaluation in the health industry?,Using personal data for employee evaluation in the health industry should be based on legitimate business needs and subject to employee consent.
How should we manage data breaches involving third-party vendors in the banking industry?,Implement contractual obligations with vendors to promptly report data breaches and ensure they have proper security measures in place.
Can we use personal data for biometric authentication in the health industry?,Biometric authentication in the health industry requires explicit user consent and adherence to biometric data protection regulations.
How do we handle data subject requests for data rectification in the banking industry?,Promptly correct inaccurate data upon data subject requests and inform other relevant parties if the data has been shared.
Can we use personal data for COVID-19 contact tracing in the health industry?,"COVID-19 contact tracing using personal data should be conducted transparently, and data should be used solely for public health purposes."
How should we handle data retention for deceased customers in the banking industry?,Retain data for deceased customers based on legal requirements and handle it with sensitivity and respect for privacy rights.
Can we use personal data for genetic research in the health industry?,"Genetic research using personal data should be conducted ethically, with explicit consent and adherence to genetic data protection regulations."
How do we handle data subject requests for data erasure in the banking industry?,"Promptly erase personal data upon data subject requests, including data stored in backups and other systems."
Can we use personal data for personalized insurance offers in the health industry?,Personalized insurance offers should be based on informed user consent and provide clear explanations of the data used in generating offers.
How should we conduct data protection training for employees in the banking industry?,"Conduct regular data protection training, tailored to employees' roles and responsibilities, and include examples of real-life data protection scenarios."
Can we use personal data for drug trial recruitment in the health industry?,Using personal data for drug trial recruitment requires explicit user consent and adherence to medical research regulations.
How do we handle data subject requests for restriction of processing in the banking industry?,Restrict processing upon data subject requests while retaining the data for specified purposes or with consent for specific processing activities.
Can we use personal data for AI-driven financial advice in the banking industry?,"AI-driven financial advice should be transparent, and customers should be informed about the algorithms used and their right to opt-out."
How should we handle data retention for terminated employees in the health industry?,Retain data for terminated employees based on legal requirements and ensure access is limited to authorized personnel only.
Can we use personal data for performance improvement in healthcare services?,Personal data used for performance improvement in healthcare should be anonymized and aggregated to protect individual privacy.
How do we handle data subject requests for data portability in the banking industry?,"Provide personal data in a commonly used and machine-readable format upon data subject requests, ensuring portability is straightforward."
Can we use personal data for customer segmentation in the health industry?,"Customer segmentation should be based on consent or legitimate interests, and profiles should not be used for discriminatory purposes."
How should we conduct a data protection impact assessment for a new data processing activity?,"Conduct a thorough assessment, considering the potential risks and mitigations involved, and seek guidance from the DPO or data protection authority if necessary."
Can we use personal data for financial risk assessment in the banking industry?,Financial risk assessment using personal data should be transparent and subject to users' rights to challenge automated decisions.
How do we handle data subject requests for data rectification in the health industry?,Promptly rectify inaccurate health data upon user requests and inform relevant healthcare providers if data has been shared.
Can we use personal data for personalized treatment plans in the health industry?,"Personalized treatment plans should be based on explicit consent or necessary for medical purposes, with respect for user privacy."
How should we handle data retention for closed customer accounts in the banking industry?,Retain data for closed accounts according to legal requirements and ensure data security measures remain in place for customer data protection.
Can we use personal data for fraud detection in the health industry?,Using personal data for fraud detection should comply with medical regulations and balance privacy considerations.
How do we handle data subject requests for data portability in the health industry?,"Provide health data in a structured and machine-readable format upon user requests, allowing data portability within defined parameters."
Can we use personal data for AI-powered financial risk assessment in the banking industry?,"AI-powered financial risk assessment should be explainable, and users should have the right to obtain information about the underlying algorithms."
How should we handle data retention for clinical trial data in the health industry?,Retain clinical trial data based on medical research requirements and ensure anonymization or pseudonymization for privacy protection.
